Compressor name,Compression speed,Decompression speed,Original size,Compressed size,Ratio,Filename
zstd 1.5.7 -1,607.69,1127.32,73050402,53441149,73.16,/home/csv/2026-01-22-openzl-whitepaper-pareto-optimal//binance/samples/test/0
zstd 1.5.7 -3,226.18,916.96,73050402,49082435,67.19,/home/csv/2026-01-22-openzl-whitepaper-pareto-optimal//binance/samples/test/0
zstd 1.5.7 -5,135.69,947.34,73050402,48635754,66.58,/home/csv/2026-01-22-openzl-whitepaper-pareto-optimal//binance/samples/test/0
zstd 1.5.7 -7,105.41,950.93,73050402,48500518,66.39,/home/csv/2026-01-22-openzl-whitepaper-pareto-optimal//binance/samples/test/0
zstd 1.5.7 -9,79.16,925.01,73050402,47812843,65.45,/home/csv/2026-01-22-openzl-whitepaper-pareto-optimal//binance/samples/test/0
zstd 1.5.7 -11,37.90,904.71,73050402,47568091,65.12,/home/csv/2026-01-22-openzl-whitepaper-pareto-optimal//binance/samples/test/0
zstd 1.5.7 -13,14.17,900.42,73050402,47471555,64.98,/home/csv/2026-01-22-openzl-whitepaper-pareto-optimal//binance/samples/test/0
zstd 1.5.7 -15,12.96,901.56,73050402,47418687,64.91,/home/csv/2026-01-22-openzl-whitepaper-pareto-optimal//binance/samples/test/0
zstd 1.5.7 -16,7.53,813.50,73050402,47045004,64.40,/home/csv/2026-01-22-openzl-whitepaper-pareto-optimal//binance/samples/test/0
zstd 1.5.7 -19,3.95,632.58,73050402,45329395,62.05,/home/csv/2026-01-22-openzl-whitepaper-pareto-optimal//binance/samples/test/0
xz 5.8.1 -1,11.32,54.38,73050402,42589300,58.30,/home/csv/2026-01-22-openzl-whitepaper-pareto-optimal//binance/samples/test/0
xz 5.8.1 -3,5.50,55.52,73050402,42381460,58.02,/home/csv/2026-01-22-openzl-whitepaper-pareto-optimal//binance/samples/test/0
xz 5.8.1 -5,3.33,55.67,73050402,39146604,53.59,/home/csv/2026-01-22-openzl-whitepaper-pareto-optimal//binance/samples/test/0
xz 5.8.1 -7,3.21,56.94,73050402,38707672,52.99,/home/csv/2026-01-22-openzl-whitepaper-pareto-optimal//binance/samples/test/0
xz 5.8.1 -9,2.80,55.88,73050402,37521452,51.36,/home/csv/2026-01-22-openzl-whitepaper-pareto-optimal//binance/samples/test/0
zlib 1.3.1 -1,49.98,261.34,73050402,49227570,67.39,/home/csv/2026-01-22-openzl-whitepaper-pareto-optimal//binance/samples/test/0
zlib 1.3.1 -3,38.37,278.83,73050402,49346073,67.55,/home/csv/2026-01-22-openzl-whitepaper-pareto-optimal//binance/samples/test/0
zlib 1.3.1 -5,29.76,273.72,73050402,49000022,67.08,/home/csv/2026-01-22-openzl-whitepaper-pareto-optimal//binance/samples/test/0
zlib 1.3.1 -7,16.87,274.84,73050402,48811510,66.82,/home/csv/2026-01-22-openzl-whitepaper-pareto-optimal//binance/samples/test/0
zlib 1.3.1 -9,4.06,277.59,73050402,48684995,66.65,/home/csv/2026-01-22-openzl-whitepaper-pareto-optimal//binance/samples/test/0
zstd 1.5.7 -1,414.91,922.93,52392355,26666552,50.90,/home/csv/2026-01-22-openzl-whitepaper-pareto-optimal//binance/samples/test/1
zstd 1.5.7 -3,219.49,879.27,52392355,23311782,44.49,/home/csv/2026-01-22-openzl-whitepaper-pareto-optimal//binance/samples/test/1
zstd 1.5.7 -5,121.76,902.67,52392355,22926057,43.76,/home/csv/2026-01-22-openzl-whitepaper-pareto-optimal//binance/samples/test/1
zstd 1.5.7 -7,86.70,936.96,52392355,22785771,43.49,/home/csv/2026-01-22-openzl-whitepaper-pareto-optimal//binance/samples/test/1
zstd 1.5.7 -9,64.78,905.35,52392355,22342770,42.65,/home/csv/2026-01-22-openzl-whitepaper-pareto-optimal//binance/samples/test/1
zstd 1.5.7 -11,30.08,908.13,52392355,22291137,42.55,/home/csv/2026-01-22-openzl-whitepaper-pareto-optimal//binance/samples/test/1
zstd 1.5.7 -13,15.24,908.95,52392355,22260377,42.49,/home/csv/2026-01-22-openzl-whitepaper-pareto-optimal//binance/samples/test/1
zstd 1.5.7 -15,11.36,920.29,52392355,22185885,42.35,/home/csv/2026-01-22-openzl-whitepaper-pareto-optimal//binance/samples/test/1
zstd 1.5.7 -16,7.15,856.12,52392355,22670372,43.27,/home/csv/2026-01-22-openzl-whitepaper-pareto-optimal//binance/samples/test/1
zstd 1.5.7 -19,3.59,818.43,52392355,18717993,35.73,/home/csv/2026-01-22-openzl-whitepaper-pareto-optimal//binance/samples/test/1
xz 5.8.1 -1,16.90,80.81,52392355,19793684,37.78,/home/csv/2026-01-22-openzl-whitepaper-pareto-optimal//binance/samples/test/1
xz 5.8.1 -3,8.74,83.11,52392355,19421288,37.07,/home/csv/2026-01-22-openzl-whitepaper-pareto-optimal//binance/samples/test/1
xz 5.8.1 -5,3.85,95.39,52392355,16426976,31.35,/home/csv/2026-01-22-openzl-whitepaper-pareto-optimal//binance/samples/test/1
xz 5.8.1 -7,3.15,107.49,52392355,14425196,27.53,/home/csv/2026-01-22-openzl-whitepaper-pareto-optimal//binance/samples/test/1
xz 5.8.1 -9,2.97,99.55,52392355,14423472,27.53,/home/csv/2026-01-22-openzl-whitepaper-pareto-optimal//binance/samples/test/1
zlib 1.3.1 -1,73.01,305.92,52392355,25282142,48.26,/home/csv/2026-01-22-openzl-whitepaper-pareto-optimal//binance/samples/test/1
zlib 1.3.1 -3,54.39,323.01,52392355,24941139,47.60,/home/csv/2026-01-22-openzl-whitepaper-pareto-optimal//binance/samples/test/1
zlib 1.3.1 -5,42.13,322.24,52392355,24158019,46.11,/home/csv/2026-01-22-openzl-whitepaper-pareto-optimal//binance/samples/test/1
zlib 1.3.1 -7,20.01,325.09,52392355,24022821,45.85,/home/csv/2026-01-22-openzl-whitepaper-pareto-optimal//binance/samples/test/1
zlib 1.3.1 -9,3.22,326.18,52392355,23933413,45.68,/home/csv/2026-01-22-openzl-whitepaper-pareto-optimal//binance/samples/test/1
zstd 1.5.7 -1,566.62,1085.87,66350568,44312574,66.79,/home/csv/2026-01-22-openzl-whitepaper-pareto-optimal//binance/samples/test/2
zstd 1.5.7 -3,231.03,930.16,66350568,40617812,61.22,/home/csv/2026-01-22-openzl-whitepaper-pareto-optimal//binance/samples/test/2
zstd 1.5.7 -5,126.32,949.34,66350568,40074944,60.40,/home/csv/2026-01-22-openzl-whitepaper-pareto-optimal//binance/samples/test/2
zstd 1.5.7 -7,96.83,950.22,66350568,39949392,60.21,/home/csv/2026-01-22-openzl-whitepaper-pareto-optimal//binance/samples/test/2
zstd 1.5.7 -9,73.98,912.60,66350568,39190620,59.07,/home/csv/2026-01-22-openzl-whitepaper-pareto-optimal//binance/samples/test/2
zstd 1.5.7 -11,35.99,896.37,66350568,38951133,58.71,/home/csv/2026-01-22-openzl-whitepaper-pareto-optimal//binance/samples/test/2
zstd 1.5.7 -13,14.34,906.02,66350568,38837478,58.53,/home/csv/2026-01-22-openzl-whitepaper-pareto-optimal//binance/samples/test/2
zstd 1.5.7 -15,12.70,898.77,66350568,38758965,58.42,/home/csv/2026-01-22-openzl-whitepaper-pareto-optimal//binance/samples/test/2
zstd 1.5.7 -16,7.78,810.32,66350568,38267039,57.67,/home/csv/2026-01-22-openzl-whitepaper-pareto-optimal//binance/samples/test/2
zstd 1.5.7 -19,3.98,638.12,66350568,36855885,55.55,/home/csv/2026-01-22-openzl-whitepaper-pareto-optimal//binance/samples/test/2
xz 5.8.1 -1,12.55,60.29,66350568,34447008,51.92,/home/csv/2026-01-22-openzl-whitepaper-pareto-optimal//binance/samples/test/2
xz 5.8.1 -3,6.80,62.25,66350568,33926856,51.13,/home/csv/2026-01-22-openzl-whitepaper-pareto-optimal//binance/samples/test/2
xz 5.8.1 -5,3.53,63.17,66350568,30877984,46.54,/home/csv/2026-01-22-openzl-whitepaper-pareto-optimal//binance/samples/test/2
xz 5.8.1 -7,3.34,64.82,66350568,30351664,45.74,/home/csv/2026-01-22-openzl-whitepaper-pareto-optimal//binance/samples/test/2
xz 5.8.1 -9,2.89,63.29,66350568,29904208,45.07,/home/csv/2026-01-22-openzl-whitepaper-pareto-optimal//binance/samples/test/2
zlib 1.3.1 -1,55.08,276.11,66350568,40876506,61.61,/home/csv/2026-01-22-openzl-whitepaper-pareto-optimal//binance/samples/test/2
zlib 1.3.1 -3,42.74,293.68,66350568,40899793,61.64,/home/csv/2026-01-22-openzl-whitepaper-pareto-optimal//binance/samples/test/2
zlib 1.3.1 -5,33.38,284.43,66350568,40593562,61.18,/home/csv/2026-01-22-openzl-whitepaper-pareto-optimal//binance/samples/test/2
zlib 1.3.1 -7,18.01,290.30,66350568,40386348,60.87,/home/csv/2026-01-22-openzl-whitepaper-pareto-optimal//binance/samples/test/2
zlib 1.3.1 -9,3.86,293.15,66350568,40308286,60.75,/home/csv/2026-01-22-openzl-whitepaper-pareto-optimal//binance/samples/test/2
zstd 1.5.7 -1,506.04,1055.60,55730635,36656462,65.77,/home/csv/2026-01-22-openzl-whitepaper-pareto-optimal//binance/samples/test/3
zstd 1.5.7 -3,200.59,881.25,55730635,33113961,59.42,/home/csv/2026-01-22-openzl-whitepaper-pareto-optimal//binance/samples/test/3
zstd 1.5.7 -5,111.82,895.56,55730635,32477064,58.28,/home/csv/2026-01-22-openzl-whitepaper-pareto-optimal//binance/samples/test/3
zstd 1.5.7 -7,86.43,906.94,55730635,32157492,57.70,/home/csv/2026-01-22-openzl-whitepaper-pareto-optimal//binance/samples/test/3
zstd 1.5.7 -9,66.28,869.68,55730635,31461900,56.45,/home/csv/2026-01-22-openzl-whitepaper-pareto-optimal//binance/samples/test/3
zstd 1.5.7 -11,30.93,867.98,55730635,31334658,56.23,/home/csv/2026-01-22-openzl-whitepaper-pareto-optimal//binance/samples/test/3
zstd 1.5.7 -13,13.08,867.74,55730635,31295273,56.15,/home/csv/2026-01-22-openzl-whitepaper-pareto-optimal//binance/samples/test/3
zstd 1.5.7 -15,10.94,871.39,55730635,31215647,56.01,/home/csv/2026-01-22-openzl-whitepaper-pareto-optimal//binance/samples/test/3
zstd 1.5.7 -16,7.39,793.49,55730635,30731041,55.14,/home/csv/2026-01-22-openzl-whitepaper-pareto-optimal//binance/samples/test/3
zstd 1.5.7 -19,3.81,659.98,55730635,28510986,51.16,/home/csv/2026-01-22-openzl-whitepaper-pareto-optimal//binance/samples/test/3
xz 5.8.1 -1,13.05,62.98,55730635,27572544,49.47,/home/csv/2026-01-22-openzl-whitepaper-pareto-optimal//binance/samples/test/3
xz 5.8.1 -3,6.53,65.16,55730635,27450308,49.26,/home/csv/2026-01-22-openzl-whitepaper-pareto-optimal//binance/samples/test/3
xz 5.8.1 -5,3.43,67.48,55730635,24292288,43.59,/home/csv/2026-01-22-openzl-whitepaper-pareto-optimal//binance/samples/test/3
xz 5.8.1 -7,3.11,72.08,55730635,22940484,41.16,/home/csv/2026-01-22-openzl-whitepaper-pareto-optimal//binance/samples/test/3
xz 5.8.1 -9,2.87,70.31,55730635,22741584,40.81,/home/csv/2026-01-22-openzl-whitepaper-pareto-optimal//binance/samples/test/3
zlib 1.3.1 -1,58.41,279.95,55730635,33369538,59.88,/home/csv/2026-01-22-openzl-whitepaper-pareto-optimal//binance/samples/test/3
zlib 1.3.1 -3,44.06,292.39,55730635,33307811,59.77,/home/csv/2026-01-22-openzl-whitepaper-pareto-optimal//binance/samples/test/3
zlib 1.3.1 -5,34.16,284.71,55730635,32893106,59.02,/home/csv/2026-01-22-openzl-whitepaper-pareto-optimal//binance/samples/test/3
zlib 1.3.1 -7,18.45,290.08,55730635,32741996,58.75,/home/csv/2026-01-22-openzl-whitepaper-pareto-optimal//binance/samples/test/3
zlib 1.3.1 -9,3.61,291.76,55730635,32680150,58.64,/home/csv/2026-01-22-openzl-whitepaper-pareto-optimal//binance/samples/test/3
zstd 1.5.7 -1,494.31,1081.21,56260087,23529134,41.82,/home/csv/2026-01-22-openzl-whitepaper-pareto-optimal//binance/samples/test/4
zstd 1.5.7 -3,267.04,1010.78,56260087,20313598,36.11,/home/csv/2026-01-22-openzl-whitepaper-pareto-optimal//binance/samples/test/4
zstd 1.5.7 -5,142.76,1030.03,56260087,20067382,35.67,/home/csv/2026-01-22-openzl-whitepaper-pareto-optimal//binance/samples/test/4
zstd 1.5.7 -7,101.10,1081.74,56260087,19935995,35.44,/home/csv/2026-01-22-openzl-whitepaper-pareto-optimal//binance/samples/test/4
zstd 1.5.7 -9,76.56,1044.45,56260087,19369290,34.43,/home/csv/2026-01-22-openzl-whitepaper-pareto-optimal//binance/samples/test/4
zstd 1.5.7 -11,39.34,1054.62,56260087,19338787,34.37,/home/csv/2026-01-22-openzl-whitepaper-pareto-optimal//binance/samples/test/4
zstd 1.5.7 -13,20.64,1053.48,56260087,19309843,34.32,/home/csv/2026-01-22-openzl-whitepaper-pareto-optimal//binance/samples/test/4
zstd 1.5.7 -15,15.29,1065.95,56260087,19248611,34.21,/home/csv/2026-01-22-openzl-whitepaper-pareto-optimal//binance/samples/test/4
zstd 1.5.7 -16,9.48,1003.41,56260087,18958857,33.70,/home/csv/2026-01-22-openzl-whitepaper-pareto-optimal//binance/samples/test/4
zstd 1.5.7 -19,4.13,982.29,56260087,16933930,30.10,/home/csv/2026-01-22-openzl-whitepaper-pareto-optimal//binance/samples/test/4
xz 5.8.1 -1,20.74,98.27,56260087,17778356,31.60,/home/csv/2026-01-22-openzl-whitepaper-pareto-optimal//binance/samples/test/4
xz 5.8.1 -3,12.09,102.29,56260087,17417356,30.96,/home/csv/2026-01-22-openzl-whitepaper-pareto-optimal//binance/samples/test/4
xz 5.8.1 -5,4.94,108.11,56260087,15777172,28.04,/home/csv/2026-01-22-openzl-whitepaper-pareto-optimal//binance/samples/test/4
xz 5.8.1 -7,3.95,120.38,56260087,14092760,25.05,/home/csv/2026-01-22-openzl-whitepaper-pareto-optimal//binance/samples/test/4
xz 5.8.1 -9,3.76,112.01,56260087,14384072,25.57,/home/csv/2026-01-22-openzl-whitepaper-pareto-optimal//binance/samples/test/4
zlib 1.3.1 -1,87.29,375.29,56260087,21993460,39.09,/home/csv/2026-01-22-openzl-whitepaper-pareto-optimal//binance/samples/test/4
zlib 1.3.1 -3,68.06,389.93,56260087,21685742,38.55,/home/csv/2026-01-22-openzl-whitepaper-pareto-optimal//binance/samples/test/4
zlib 1.3.1 -5,52.76,388.07,56260087,21046998,37.41,/home/csv/2026-01-22-openzl-whitepaper-pareto-optimal//binance/samples/test/4
zlib 1.3.1 -7,24.64,399.95,56260087,20911455,37.17,/home/csv/2026-01-22-openzl-whitepaper-pareto-optimal//binance/samples/test/4
zlib 1.3.1 -9,3.93,403.06,56260087,20844403,37.05,/home/csv/2026-01-22-openzl-whitepaper-pareto-optimal//binance/samples/test/4
zstd 1.5.7 -1,409.89,918.29,63931184,36462960,57.03,/home/csv/2026-01-22-openzl-whitepaper-pareto-optimal//binance/samples/test/5
zstd 1.5.7 -3,198.33,844.35,63931184,32318600,50.55,/home/csv/2026-01-22-openzl-whitepaper-pareto-optimal//binance/samples/test/5
zstd 1.5.7 -5,110.50,842.12,63931184,32103027,50.21,/home/csv/2026-01-22-openzl-whitepaper-pareto-optimal//binance/samples/test/5
zstd 1.5.7 -7,81.61,890.35,63931184,30768593,48.13,/home/csv/2026-01-22-openzl-whitepaper-pareto-optimal//binance/samples/test/5
zstd 1.5.7 -9,61.10,870.04,63931184,29862831,46.71,/home/csv/2026-01-22-openzl-whitepaper-pareto-optimal//binance/samples/test/5
zstd 1.5.7 -11,29.82,871.85,63931184,29660835,46.39,/home/csv/2026-01-22-openzl-whitepaper-pareto-optimal//binance/samples/test/5
zstd 1.5.7 -13,13.65,870.11,63931184,29627263,46.34,/home/csv/2026-01-22-openzl-whitepaper-pareto-optimal//binance/samples/test/5
zstd 1.5.7 -15,10.37,877.04,63931184,29515910,46.17,/home/csv/2026-01-22-openzl-whitepaper-pareto-optimal//binance/samples/test/5
zstd 1.5.7 -16,6.82,840.54,63931184,28961171,45.30,/home/csv/2026-01-22-openzl-whitepaper-pareto-optimal//binance/samples/test/5
zstd 1.5.7 -19,3.72,777.47,63931184,26980869,42.20,/home/csv/2026-01-22-openzl-whitepaper-pareto-optimal//binance/samples/test/5
xz 5.8.1 -1,14.90,70.07,63931184,28039032,43.86,/home/csv/2026-01-22-openzl-whitepaper-pareto-optimal//binance/samples/test/5
xz 5.8.1 -3,7.97,73.66,63931184,27496324,43.01,/home/csv/2026-01-22-openzl-whitepaper-pareto-optimal//binance/samples/test/5
xz 5.8.1 -5,3.56,80.90,63931184,23875660,37.35,/home/csv/2026-01-22-openzl-whitepaper-pareto-optimal//binance/samples/test/5
xz 5.8.1 -7,3.08,86.26,63931184,21690608,33.93,/home/csv/2026-01-22-openzl-whitepaper-pareto-optimal//binance/samples/test/5
xz 5.8.1 -9,2.76,85.75,63931184,21119056,33.03,/home/csv/2026-01-22-openzl-whitepaper-pareto-optimal//binance/samples/test/5
zlib 1.3.1 -1,66.16,292.32,63931184,33890931,53.01,/home/csv/2026-01-22-openzl-whitepaper-pareto-optimal//binance/samples/test/5
zlib 1.3.1 -3,49.09,306.51,63931184,33546032,52.47,/home/csv/2026-01-22-openzl-whitepaper-pareto-optimal//binance/samples/test/5
zlib 1.3.1 -5,38.09,304.47,63931184,32732135,51.20,/home/csv/2026-01-22-openzl-whitepaper-pareto-optimal//binance/samples/test/5
zlib 1.3.1 -7,18.19,309.34,63931184,32525484,50.88,/home/csv/2026-01-22-openzl-whitepaper-pareto-optimal//binance/samples/test/5
zlib 1.3.1 -9,3.23,309.80,63931184,32434071,50.73,/home/csv/2026-01-22-openzl-whitepaper-pareto-optimal//binance/samples/test/5
zstd 1.5.7 -1,437.65,973.59,68364888,37446424,54.77,/home/csv/2026-01-22-openzl-whitepaper-pareto-optimal//binance/samples/test/6
zstd 1.5.7 -3,206.59,856.83,68364888,32754600,47.91,/home/csv/2026-01-22-openzl-whitepaper-pareto-optimal//binance/samples/test/6
zstd 1.5.7 -5,114.63,870.91,68364888,32105449,46.96,/home/csv/2026-01-22-openzl-whitepaper-pareto-optimal//binance/samples/test/6
zstd 1.5.7 -7,84.25,909.05,68364888,31358552,45.87,/home/csv/2026-01-22-openzl-whitepaper-pareto-optimal//binance/samples/test/6
zstd 1.5.7 -9,64.03,901.91,68364888,29722072,43.48,/home/csv/2026-01-22-openzl-whitepaper-pareto-optimal//binance/samples/test/6
zstd 1.5.7 -11,30.78,919.67,68364888,29374119,42.97,/home/csv/2026-01-22-openzl-whitepaper-pareto-optimal//binance/samples/test/6
zstd 1.5.7 -13,14.84,917.93,68364888,29344392,42.92,/home/csv/2026-01-22-openzl-whitepaper-pareto-optimal//binance/samples/test/6
zstd 1.5.7 -15,11.09,913.68,68364888,29229649,42.76,/home/csv/2026-01-22-openzl-whitepaper-pareto-optimal//binance/samples/test/6
zstd 1.5.7 -16,6.41,857.60,68364888,28449537,41.61,/home/csv/2026-01-22-openzl-whitepaper-pareto-optimal//binance/samples/test/6
zstd 1.5.7 -19,3.40,769.44,68364888,26243281,38.39,/home/csv/2026-01-22-openzl-whitepaper-pareto-optimal//binance/samples/test/6
xz 5.8.1 -1,13.42,76.16,68364888,27255244,39.87,/home/csv/2026-01-22-openzl-whitepaper-pareto-optimal//binance/samples/test/6
xz 5.8.1 -3,7.44,81.26,68364888,25944012,37.95,/home/csv/2026-01-22-openzl-whitepaper-pareto-optimal//binance/samples/test/6
xz 5.8.1 -5,3.54,89.47,68364888,22350644,32.69,/home/csv/2026-01-22-openzl-whitepaper-pareto-optimal//binance/samples/test/6
xz 5.8.1 -7,3.02,94.34,68364888,21255436,31.09,/home/csv/2026-01-22-openzl-whitepaper-pareto-optimal//binance/samples/test/6
xz 5.8.1 -9,2.65,93.26,68364888,20591368,30.12,/home/csv/2026-01-22-openzl-whitepaper-pareto-optimal//binance/samples/test/6
zlib 1.3.1 -1,70.12,302.57,68364888,33855229,49.52,/home/csv/2026-01-22-openzl-whitepaper-pareto-optimal//binance/samples/test/6
zlib 1.3.1 -3,51.82,318.21,68364888,33481177,48.97,/home/csv/2026-01-22-openzl-whitepaper-pareto-optimal//binance/samples/test/6
zlib 1.3.1 -5,39.90,311.65,68364888,32661138,47.77,/home/csv/2026-01-22-openzl-whitepaper-pareto-optimal//binance/samples/test/6
zlib 1.3.1 -7,19.63,318.14,68364888,32497958,47.54,/home/csv/2026-01-22-openzl-whitepaper-pareto-optimal//binance/samples/test/6
zlib 1.3.1 -9,3.28,318.47,68364888,32395195,47.39,/home/csv/2026-01-22-openzl-whitepaper-pareto-optimal//binance/samples/test/6
zstd 1.5.7 -1,512.71,1084.26,67232328,39884552,59.32,/home/csv/2026-01-22-openzl-whitepaper-pareto-optimal//binance/samples/test/7
zstd 1.5.7 -3,208.76,914.45,67232328,35431050,52.70,/home/csv/2026-01-22-openzl-whitepaper-pareto-optimal//binance/samples/test/7
zstd 1.5.7 -5,119.31,918.70,67232328,34464328,51.26,/home/csv/2026-01-22-openzl-whitepaper-pareto-optimal//binance/samples/test/7
zstd 1.5.7 -7,89.18,925.27,67232328,34218845,50.90,/home/csv/2026-01-22-openzl-whitepaper-pareto-optimal//binance/samples/test/7
zstd 1.5.7 -9,65.16,909.09,67232328,33346146,49.60,/home/csv/2026-01-22-openzl-whitepaper-pareto-optimal//binance/samples/test/7
zstd 1.5.7 -11,32.07,893.26,67232328,33095282,49.23,/home/csv/2026-01-22-openzl-whitepaper-pareto-optimal//binance/samples/test/7
zstd 1.5.7 -13,13.73,894.65,67232328,33037725,49.14,/home/csv/2026-01-22-openzl-whitepaper-pareto-optimal//binance/samples/test/7
zstd 1.5.7 -15,12.12,898.17,67232328,32927728,48.98,/home/csv/2026-01-22-openzl-whitepaper-pareto-optimal//binance/samples/test/7
zstd 1.5.7 -16,7.72,804.42,67232328,32196898,47.89,/home/csv/2026-01-22-openzl-whitepaper-pareto-optimal//binance/samples/test/7
zstd 1.5.7 -19,4.06,627.46,67232328,30205835,44.93,/home/csv/2026-01-22-openzl-whitepaper-pareto-optimal//binance/samples/test/7
xz 5.8.1 -1,14.51,70.52,67232328,29765736,44.27,/home/csv/2026-01-22-openzl-whitepaper-pareto-optimal//binance/samples/test/7
xz 5.8.1 -3,8.02,73.41,67232328,29356744,43.66,/home/csv/2026-01-22-openzl-whitepaper-pareto-optimal//binance/samples/test/7
xz 5.8.1 -5,3.79,74.54,67232328,26547088,39.49,/home/csv/2026-01-22-openzl-whitepaper-pareto-optimal//binance/samples/test/7
xz 5.8.1 -7,3.47,77.71,67232328,25440300,37.84,/home/csv/2026-01-22-openzl-whitepaper-pareto-optimal//binance/samples/test/7
xz 5.8.1 -9,3.03,74.90,67232328,25107776,37.34,/home/csv/2026-01-22-openzl-whitepaper-pareto-optimal//binance/samples/test/7
zlib 1.3.1 -1,63.12,298.23,67232328,35710345,53.11,/home/csv/2026-01-22-openzl-whitepaper-pareto-optimal//binance/samples/test/7
zlib 1.3.1 -3,47.17,314.95,67232328,35678542,53.07,/home/csv/2026-01-22-openzl-whitepaper-pareto-optimal//binance/samples/test/7
zlib 1.3.1 -5,35.66,310.15,67232328,35263459,52.45,/home/csv/2026-01-22-openzl-whitepaper-pareto-optimal//binance/samples/test/7
zlib 1.3.1 -7,17.63,316.66,67232328,34940811,51.97,/home/csv/2026-01-22-openzl-whitepaper-pareto-optimal//binance/samples/test/7
zlib 1.3.1 -9,3.73,323.71,67232328,34856801,51.85,/home/csv/2026-01-22-openzl-whitepaper-pareto-optimal//binance/samples/test/7
zstd 1.5.7 -1,406.50,918.21,81958453,42424586,51.76,/home/csv/2026-01-22-openzl-whitepaper-pareto-optimal//binance/samples/test/8
zstd 1.5.7 -3,208.94,853.08,81958453,37679770,45.97,/home/csv/2026-01-22-openzl-whitepaper-pareto-optimal//binance/samples/test/8
zstd 1.5.7 -5,116.49,865.12,81958453,37180733,45.37,/home/csv/2026-01-22-openzl-whitepaper-pareto-optimal//binance/samples/test/8
zstd 1.5.7 -7,82.93,897.27,81958453,37009616,45.16,/home/csv/2026-01-22-openzl-whitepaper-pareto-optimal//binance/samples/test/8
zstd 1.5.7 -9,61.29,913.82,81958453,34160574,41.68,/home/csv/2026-01-22-openzl-whitepaper-pareto-optimal//binance/samples/test/8
zstd 1.5.7 -11,30.11,922.26,81958453,33920894,41.39,/home/csv/2026-01-22-openzl-whitepaper-pareto-optimal//binance/samples/test/8
zstd 1.5.7 -13,15.02,920.73,81958453,33881838,41.34,/home/csv/2026-01-22-openzl-whitepaper-pareto-optimal//binance/samples/test/8
zstd 1.5.7 -15,11.01,941.03,81958453,33727500,41.15,/home/csv/2026-01-22-openzl-whitepaper-pareto-optimal//binance/samples/test/8
zstd 1.5.7 -16,7.10,902.97,81958453,32916684,40.16,/home/csv/2026-01-22-openzl-whitepaper-pareto-optimal//binance/samples/test/8
zstd 1.5.7 -19,3.66,851.31,81958453,30395901,37.09,/home/csv/2026-01-22-openzl-whitepaper-pareto-optimal//binance/samples/test/8
xz 5.8.1 -1,16.44,76.79,81958453,32231688,39.33,/home/csv/2026-01-22-openzl-whitepaper-pareto-optimal//binance/samples/test/8
xz 5.8.1 -3,8.87,82.43,81958453,30955884,37.77,/home/csv/2026-01-22-openzl-whitepaper-pareto-optimal//binance/samples/test/8
xz 5.8.1 -5,3.72,89.66,81958453,27434424,33.47,/home/csv/2026-01-22-openzl-whitepaper-pareto-optimal//binance/samples/test/8
xz 5.8.1 -7,3.07,96.90,81958453,24382776,29.75,/home/csv/2026-01-22-openzl-whitepaper-pareto-optimal//binance/samples/test/8
xz 5.8.1 -9,2.70,95.88,81958453,23751472,28.98,/home/csv/2026-01-22-openzl-whitepaper-pareto-optimal//binance/samples/test/8
zlib 1.3.1 -1,71.84,303.97,81958453,39866078,48.64,/home/csv/2026-01-22-openzl-whitepaper-pareto-optimal//binance/samples/test/8
zlib 1.3.1 -3,53.02,319.68,81958453,39356507,48.02,/home/csv/2026-01-22-openzl-whitepaper-pareto-optimal//binance/samples/test/8
zlib 1.3.1 -5,40.99,316.70,81958453,38183941,46.59,/home/csv/2026-01-22-openzl-whitepaper-pareto-optimal//binance/samples/test/8
zlib 1.3.1 -7,19.31,324.08,81958453,37943446,46.30,/home/csv/2026-01-22-openzl-whitepaper-pareto-optimal//binance/samples/test/8
zlib 1.3.1 -9,3.23,325.83,81958453,37815757,46.14,/home/csv/2026-01-22-openzl-whitepaper-pareto-optimal//binance/samples/test/8
zstd 1.5.7 -1,445.67,975.19,55424395,21726830,39.20,/home/csv/2026-01-22-openzl-whitepaper-pareto-optimal//binance/samples/test/9
zstd 1.5.7 -3,258.69,961.02,55424395,18211458,32.86,/home/csv/2026-01-22-openzl-whitepaper-pareto-optimal//binance/samples/test/9
zstd 1.5.7 -5,138.00,975.38,55424395,18030238,32.53,/home/csv/2026-01-22-openzl-whitepaper-pareto-optimal//binance/samples/test/9
zstd 1.5.7 -7,94.24,1026.33,55424395,17799533,32.11,/home/csv/2026-01-22-openzl-whitepaper-pareto-optimal//binance/samples/test/9
zstd 1.5.7 -9,69.52,984.91,55424395,17113658,30.88,/home/csv/2026-01-22-openzl-whitepaper-pareto-optimal//binance/samples/test/9
zstd 1.5.7 -11,35.59,997.20,55424395,17056544,30.77,/home/csv/2026-01-22-openzl-whitepaper-pareto-optimal//binance/samples/test/9
zstd 1.5.7 -13,19.64,998.68,55424395,17035785,30.74,/home/csv/2026-01-22-openzl-whitepaper-pareto-optimal//binance/samples/test/9
zstd 1.5.7 -15,13.70,1008.86,55424395,16956986,30.59,/home/csv/2026-01-22-openzl-whitepaper-pareto-optimal//binance/samples/test/9
zstd 1.5.7 -16,7.88,954.13,55424395,17211211,31.05,/home/csv/2026-01-22-openzl-whitepaper-pareto-optimal//binance/samples/test/9
zstd 1.5.7 -19,3.64,1011.79,55424395,14122269,25.48,/home/csv/2026-01-22-openzl-whitepaper-pareto-optimal//binance/samples/test/9
xz 5.8.1 -1,22.13,102.84,55424395,15738468,28.40,/home/csv/2026-01-22-openzl-whitepaper-pareto-optimal//binance/samples/test/9
xz 5.8.1 -3,12.59,108.54,55424395,15367296,27.73,/home/csv/2026-01-22-openzl-whitepaper-pareto-optimal//binance/samples/test/9
xz 5.8.1 -5,4.74,129.93,55424395,12236256,22.08,/home/csv/2026-01-22-openzl-whitepaper-pareto-optimal//binance/samples/test/9
xz 5.8.1 -7,3.60,142.60,55424395,10941888,19.74,/home/csv/2026-01-22-openzl-whitepaper-pareto-optimal//binance/samples/test/9
xz 5.8.1 -9,3.33,133.66,55424395,10486996,18.92,/home/csv/2026-01-22-openzl-whitepaper-pareto-optimal//binance/samples/test/9
zlib 1.3.1 -1,93.37,356.83,55424395,20491221,36.97,/home/csv/2026-01-22-openzl-whitepaper-pareto-optimal//binance/samples/test/9
zlib 1.3.1 -3,67.09,374.30,55424395,20058533,36.19,/home/csv/2026-01-22-openzl-whitepaper-pareto-optimal//binance/samples/test/9
zlib 1.3.1 -5,50.40,371.55,55424395,19210164,34.66,/home/csv/2026-01-22-openzl-whitepaper-pareto-optimal//binance/samples/test/9
zlib 1.3.1 -7,22.76,379.93,55424395,19086034,34.44,/home/csv/2026-01-22-openzl-whitepaper-pareto-optimal//binance/samples/test/9
zlib 1.3.1 -9,3.46,385.61,55424395,18991350,34.27,/home/csv/2026-01-22-openzl-whitepaper-pareto-optimal//binance/samples/test/9
zstd 1.5.7 -1,516.70,1046.65,87520526,61919757,70.75,/home/csv/2026-01-22-openzl-whitepaper-pareto-optimal//binance/samples/test/10
zstd 1.5.7 -3,197.76,862.82,87520526,56282952,64.31,/home/csv/2026-01-22-openzl-whitepaper-pareto-optimal//binance/samples/test/10
zstd 1.5.7 -5,109.93,882.06,87520526,55473708,63.38,/home/csv/2026-01-22-openzl-whitepaper-pareto-optimal//binance/samples/test/10
zstd 1.5.7 -7,85.70,882.91,87520526,55288997,63.17,/home/csv/2026-01-22-openzl-whitepaper-pareto-optimal//binance/samples/test/10
zstd 1.5.7 -9,64.94,870.98,87520526,54371725,62.12,/home/csv/2026-01-22-openzl-whitepaper-pareto-optimal//binance/samples/test/10
zstd 1.5.7 -11,29.40,832.90,87520526,53572657,61.21,/home/csv/2026-01-22-openzl-whitepaper-pareto-optimal//binance/samples/test/10
zstd 1.5.7 -13,12.02,834.90,87520526,53498357,61.13,/home/csv/2026-01-22-openzl-whitepaper-pareto-optimal//binance/samples/test/10
zstd 1.5.7 -15,9.96,838.33,87520526,53326431,60.93,/home/csv/2026-01-22-openzl-whitepaper-pareto-optimal//binance/samples/test/10
zstd 1.5.7 -16,6.77,773.33,87520526,52596579,60.10,/home/csv/2026-01-22-openzl-whitepaper-pareto-optimal//binance/samples/test/10
zstd 1.5.7 -19,3.70,635.97,87520526,49836102,56.94,/home/csv/2026-01-22-openzl-whitepaper-pareto-optimal//binance/samples/test/10
xz 5.8.1 -1,11.89,57.51,87520526,48044780,54.90,/home/csv/2026-01-22-openzl-whitepaper-pareto-optimal//binance/samples/test/10
xz 5.8.1 -3,6.16,59.48,87520526,48162576,55.03,/home/csv/2026-01-22-openzl-whitepaper-pareto-optimal//binance/samples/test/10
xz 5.8.1 -5,3.19,61.16,87520526,43280224,49.45,/home/csv/2026-01-22-openzl-whitepaper-pareto-optimal//binance/samples/test/10
xz 5.8.1 -7,2.98,63.47,87520526,41613592,47.55,/home/csv/2026-01-22-openzl-whitepaper-pareto-optimal//binance/samples/test/10
xz 5.8.1 -9,2.54,62.38,87520526,41296204,47.18,/home/csv/2026-01-22-openzl-whitepaper-pareto-optimal//binance/samples/test/10
zlib 1.3.1 -1,53.44,267.46,87520526,56504500,64.56,/home/csv/2026-01-22-openzl-whitepaper-pareto-optimal//binance/samples/test/10
zlib 1.3.1 -3,41.07,283.07,87520526,56477962,64.53,/home/csv/2026-01-22-openzl-whitepaper-pareto-optimal//binance/samples/test/10
zlib 1.3.1 -5,32.10,276.69,87520526,55990005,63.97,/home/csv/2026-01-22-openzl-whitepaper-pareto-optimal//binance/samples/test/10
zlib 1.3.1 -7,17.14,278.78,87520526,55699668,63.64,/home/csv/2026-01-22-openzl-whitepaper-pareto-optimal//binance/samples/test/10
zlib 1.3.1 -9,3.59,279.79,87520526,55597481,63.53,/home/csv/2026-01-22-openzl-whitepaper-pareto-optimal//binance/samples/test/10
zstd 1.5.7 -1,577.12,1102.97,121150518,89512261,73.89,/home/csv/2026-01-22-openzl-whitepaper-pareto-optimal//binance/samples/test/11
zstd 1.5.7 -3,231.48,907.85,121150518,81549884,67.31,/home/csv/2026-01-22-openzl-whitepaper-pareto-optimal//binance/samples/test/11
zstd 1.5.7 -5,146.74,923.83,121150518,80751525,66.65,/home/csv/2026-01-22-openzl-whitepaper-pareto-optimal//binance/samples/test/11
zstd 1.5.7 -7,111.75,929.72,121150518,80522091,66.46,/home/csv/2026-01-22-openzl-whitepaper-pareto-optimal//binance/samples/test/11
zstd 1.5.7 -9,82.86,906.05,121150518,79376758,65.52,/home/csv/2026-01-22-openzl-whitepaper-pareto-optimal//binance/samples/test/11
zstd 1.5.7 -11,41.40,884.40,121150518,78973435,65.19,/home/csv/2026-01-22-openzl-whitepaper-pareto-optimal//binance/samples/test/11
zstd 1.5.7 -13,15.47,879.43,121150518,78845792,65.08,/home/csv/2026-01-22-openzl-whitepaper-pareto-optimal//binance/samples/test/11
zstd 1.5.7 -15,13.87,883.09,121150518,78744587,65.00,/home/csv/2026-01-22-openzl-whitepaper-pareto-optimal//binance/samples/test/11
zstd 1.5.7 -16,7.31,805.92,121150518,78263114,64.60,/home/csv/2026-01-22-openzl-whitepaper-pareto-optimal//binance/samples/test/11
zstd 1.5.7 -19,4.04,641.48,121150518,74556443,61.54,/home/csv/2026-01-22-openzl-whitepaper-pareto-optimal//binance/samples/test/11
xz 5.8.1 -1,11.04,53.43,121150518,71739228,59.21,/home/csv/2026-01-22-openzl-whitepaper-pareto-optimal//binance/samples/test/11
xz 5.8.1 -3,5.49,54.56,121150518,71840848,59.30,/home/csv/2026-01-22-openzl-whitepaper-pareto-optimal//binance/samples/test/11
xz 5.8.1 -5,3.30,53.01,121150518,67292676,55.54,/home/csv/2026-01-22-openzl-whitepaper-pareto-optimal//binance/samples/test/11
xz 5.8.1 -7,3.20,53.69,121150518,66466104,54.86,/home/csv/2026-01-22-openzl-whitepaper-pareto-optimal//binance/samples/test/11
xz 5.8.1 -9,2.43,53.27,121150518,65488488,54.06,/home/csv/2026-01-22-openzl-whitepaper-pareto-optimal//binance/samples/test/11
zlib 1.3.1 -1,49.06,260.42,121150518,82128330,67.79,/home/csv/2026-01-22-openzl-whitepaper-pareto-optimal//binance/samples/test/11
zlib 1.3.1 -3,37.19,275.00,121150518,82238282,67.88,/home/csv/2026-01-22-openzl-whitepaper-pareto-optimal//binance/samples/test/11
zlib 1.3.1 -5,28.64,270.59,121150518,81577723,67.34,/home/csv/2026-01-22-openzl-whitepaper-pareto-optimal//binance/samples/test/11
zlib 1.3.1 -7,16.36,271.01,121150518,81214406,67.04,/home/csv/2026-01-22-openzl-whitepaper-pareto-optimal//binance/samples/test/11
zlib 1.3.1 -9,4.15,272.50,121150518,81014364,66.87,/home/csv/2026-01-22-openzl-whitepaper-pareto-optimal//binance/samples/test/11
